class,file_path
ibad,WhoDat_Faces/ibad/VID20221016154143.mp4_12.jpg
ibad,WhoDat_Faces/ibad/IMG20221103184342.jpg_0.jpg
ibad,WhoDat_Faces/ibad/VID20221016154143.mp4_29.jpg
ibad,WhoDat_Faces/ibad/Screenshot from 2023-04-09 15-56-42.png_0.jpg
ibad,WhoDat_Faces/ibad/VID20221016154143.mp4_4.jpg
ibad,WhoDat_Faces/ibad/VID20221016154143.mp4_10.jpg
ibad,WhoDat_Faces/ibad/Screenshot from 2023-04-09 15-47-15.png_0.jpg
ibad,WhoDat_Faces/ibad/IMG20230322164209.jpg_0.jpg
ibad,WhoDat_Faces/ibad/Screenshot from 2023-04-09 15-43-15.png_0.jpg
ibad,WhoDat_Faces/ibad/VID20221016154143.mp4_31.jpg
ibad,WhoDat_Faces/ibad/Screenshot from 2023-04-09 15-47-40.png_0.jpg
ibad,WhoDat_Faces/ibad/IMG_20230111_224259.jpg_0.jpg
ibad,WhoDat_Faces/ibad/VID20221016154143.mp4_2.jpg
ibad,WhoDat_Faces/ibad/Ibad Rather.jpg_0.jpg
ibad,WhoDat_Faces/ibad/IMG20230322164157.jpg_0.jpg
ibad,WhoDat_Faces/ibad/Screenshot from 2023-04-09 15-39-33.png_0.jpg
ibad,WhoDat_Faces/ibad/VID20221016154143.mp4_20.jpg
ibad,WhoDat_Faces/ibad/IMG20230324121126.jpg_0.jpg
ibad,WhoDat_Faces/ibad/VID20221016154143.mp4_11.jpg
ibad,WhoDat_Faces/ibad/VID20221016154143.mp4_15.jpg
ibad,WhoDat_Faces/ibad/VID20221016154143.mp4_22.jpg
ibad,WhoDat_Faces/ibad/IMG20230324112640.jpg_0.jpg
ibad,WhoDat_Faces/ibad/VID20221016154143.mp4_0.jpg
ibad,WhoDat_Faces/ibad/VID20221016154143.mp4_17.jpg
ibad,WhoDat_Faces/ibad/Screenshot from 2023-04-09 15-43-03.png_0.jpg
ibad,WhoDat_Faces/ibad/Screenshot from 2023-04-09 15-59-13.png_0.jpg
ibad,WhoDat_Faces/ibad/IMG20220625141348.jpg_0.jpg
ibad,WhoDat_Faces/ibad/VID20221016154143.mp4_19.jpg
ibad,WhoDat_Faces/ibad/Screenshot from 2023-04-09 15-41-21.png_0.jpg
ibad,WhoDat_Faces/ibad/Screenshot from 2023-04-09 15-33-58.png_0.jpg
ibad,WhoDat_Faces/ibad/Screenshot from 2023-04-09 15-34-24.png_0.jpg
ibad,WhoDat_Faces/ibad/VID20221016154143.mp4_18.jpg
ibad,WhoDat_Faces/ibad/IMG20230323221855.jpg_0.jpg
ibad,WhoDat_Faces/ibad/Screenshot from 2023-04-09 15-37-42.png_0.jpg
ibad,WhoDat_Faces/ibad/IMG20230322163920.jpg_0.jpg
ibad,WhoDat_Faces/ibad/IMG20220826143006.jpg_0.jpg
ibad,WhoDat_Faces/ibad/Screenshot from 2023-04-09 15-45-46.png_0.jpg
ibad,WhoDat_Faces/ibad/VID20221016154143.mp4_7.jpg
ibad,WhoDat_Faces/ibad/Screenshot from 2023-04-09 15-37-25.png_0.jpg
ibad,WhoDat_Faces/ibad/IMG20221103184346.jpg_0.jpg
ibad,WhoDat_Faces/ibad/VID20221016154143.mp4_13.jpg
ibad,WhoDat_Faces/ibad/IMG20230323233124.jpg_0.jpg
ibad,WhoDat_Faces/ibad/VID20221016154143.mp4_5.jpg
ibad,WhoDat_Faces/ibad/Screenshot from 2023-04-09 15-39-23.png_0.jpg
ibad,WhoDat_Faces/ibad/VID20221016154143.mp4_28.jpg
ibad,WhoDat_Faces/ibad/VID20221016154143.mp4_23.jpg
ibad,WhoDat_Faces/ibad/Screenshot from 2023-04-09 15-42-22.png_0.jpg
ibad,WhoDat_Faces/ibad/Screenshot from 2023-04-09 15-56-13.png_0.jpg
ibad,WhoDat_Faces/ibad/VID20221016154143.mp4_24.jpg
ibad,WhoDat_Faces/ibad/Screenshot from 2023-04-09 15-40-55.png_0.jpg
ibad,WhoDat_Faces/ibad/Screenshot from 2023-04-09 15-58-47.png_1.jpg
ibad,WhoDat_Faces/ibad/IMG20230324104822.jpg_0.jpg
ibad,WhoDat_Faces/ibad/IMG20220826143002.jpg_0.jpg
ibad,WhoDat_Faces/ibad/VID20221016154143.mp4_1.jpg
ibad,WhoDat_Faces/ibad/IMG20220826143008.jpg_0.jpg
ibad,WhoDat_Faces/ibad/VID20221016154143.mp4_26.jpg
ibad,WhoDat_Faces/ibad/IMG20220625122828.jpg_0.jpg
ibad,WhoDat_Faces/ibad/Screenshot from 2023-04-09 15-34-58.png_0.jpg
ibad,WhoDat_Faces/ibad/IMG20230323222909.jpg_0.jpg
ibad,WhoDat_Faces/ibad/VID20221016154143.mp4_27.jpg
ibad,WhoDat_Faces/ibad/Screenshot from 2023-04-09 15-33-08.png_0.jpg
ibad,WhoDat_Faces/ibad/VID20221016154143.mp4_9.jpg
ibad,WhoDat_Faces/ibad/IMG20230311065719.jpg_0.jpg
ibad,WhoDat_Faces/ibad/IMG_20220629_204718.jpg_0.jpg
ibad,WhoDat_Faces/ibad/VID20221016154143.mp4_30.jpg
ibad,WhoDat_Faces/ibad/VID20221016154143.mp4_14.jpg
ibad,WhoDat_Faces/ibad/IMG_20230111_221238.jpg_0.jpg
ibad,WhoDat_Faces/ibad/VID20221016154143.mp4_6.jpg
ibad,WhoDat_Faces/ibad/Screenshot from 2023-04-09 15-55-20.png_0.jpg
ibad,WhoDat_Faces/ibad/Screenshot from 2023-04-09 15-38-58.png_0.jpg
ibad,WhoDat_Faces/ibad/VID20221016154143.mp4_8.jpg
ibad,WhoDat_Faces/ibad/VID20221016154143.mp4_3.jpg
ibad,WhoDat_Faces/ibad/VID20221016154143.mp4_25.jpg
ibad,WhoDat_Faces/ibad/Screenshot from 2023-04-09 15-53-47.png_0.jpg
ibad,WhoDat_Faces/ibad/Screenshot from 2023-04-09 15-40-20.png_0.jpg
ibad,WhoDat_Faces/ibad/VID20221016154143.mp4_21.jpg
ibad,WhoDat_Faces/ibad/Screenshot from 2023-04-09 15-58-47.png_0.jpg
ibad,WhoDat_Faces/ibad/Screenshot from 2023-04-09 15-42-51.png_0.jpg
ibad,WhoDat_Faces/ibad/ibad_0.jpg
ibad,WhoDat_Faces/ibad/Screenshot from 2023-04-09 15-41-06.png_0.jpg
ibad,WhoDat_Faces/ibad/VID20221016154143.mp4_16.jpg
naseema,WhoDat_Faces/naseema/Screenshot from 2023-04-09 15-59-10.png_0.jpg
naseema,WhoDat_Faces/naseema/Screenshot from 2023-04-09 15-51-39.png_0.jpg
naseema,WhoDat_Faces/naseema/Screenshot from 2023-04-09 15-54-17.png_0.jpg
naseema,WhoDat_Faces/naseema/Screenshot from 2023-04-09 15-57-25.png_0.jpg
naseema,WhoDat_Faces/naseema/Screenshot from 2023-04-09 15-52-49.png_0.jpg
naseema,WhoDat_Faces/naseema/Screenshot from 2023-04-09 15-54-54.png_0.jpg
naseema,WhoDat_Faces/naseema/Screenshot from 2023-04-09 15-34-49.png_0.jpg
naseema,WhoDat_Faces/naseema/Screenshot from 2023-04-09 15-40-27.png_0.jpg
naseema,WhoDat_Faces/naseema/IMG20230311135602.jpg_0.jpg
naseema,WhoDat_Faces/naseema/Screenshot from 2023-04-09 15-36-33.png_0.jpg
naseema,WhoDat_Faces/naseema/Screenshot from 2023-04-09 15-42-30.png_0.jpg
naseema,WhoDat_Faces/naseema/Screenshot from 2023-04-09 15-56-57.png_0.jpg
naseema,WhoDat_Faces/naseema/Screenshot from 2023-04-09 15-57-19.png_0.jpg
naseema,WhoDat_Faces/naseema/Screenshot from 2023-04-09 15-51-50.png_0.jpg
naseema,WhoDat_Faces/naseema/Screenshot from 2023-04-09 15-35-31.png_0.jpg
naseema,WhoDat_Faces/naseema/Screenshot from 2023-04-09 15-43-26.png_0.jpg
naseema,WhoDat_Faces/naseema/Screenshot from 2023-04-09 15-41-50.png_0.jpg
naseema,WhoDat_Faces/naseema/Screenshot from 2023-04-09 15-54-36.png_0.jpg
naseema,WhoDat_Faces/naseema/Screenshot from 2023-04-09 15-42-39.png_0.jpg
naseema,WhoDat_Faces/naseema/Screenshot from 2023-04-09 15-53-56.png_0.jpg
naseema,WhoDat_Faces/naseema/Screenshot from 2023-04-09 15-45-56.png_0.jpg
naseema,WhoDat_Faces/naseema/Screenshot from 2023-04-09 15-41-38.png_0.jpg
naseema,WhoDat_Faces/naseema/Screenshot from 2023-04-09 15-41-11.png_0.jpg
naseema,WhoDat_Faces/naseema/Screenshot from 2023-04-09 15-53-28.png_0.jpg
naseema,WhoDat_Faces/naseema/Screenshot from 2023-04-09 15-56-02.png_0.jpg
naseema,WhoDat_Faces/naseema/Screenshot from 2023-04-09 15-57-57.png_0.jpg
naseema,WhoDat_Faces/naseema/Screenshot from 2023-04-09 15-53-08.png_0.jpg
naseema,WhoDat_Faces/naseema/Screenshot from 2023-04-09 15-51-10.png_0.jpg
naseema,WhoDat_Faces/naseema/Screenshot from 2023-04-09 15-52-31.png_0.jpg
naseema,WhoDat_Faces/naseema/AVI07445.jpg_0.jpg
naseema,WhoDat_Faces/naseema/Screenshot from 2023-04-09 15-42-04.png_0.jpg
naseema,WhoDat_Faces/naseema/Screenshot from 2023-04-09 15-58-50.png_0.jpg
murad,WhoDat_Faces/murad/VID20221016154120.mp4_8.jpg
murad,WhoDat_Faces/murad/VID20221016154120.mp4_7.jpg
murad,WhoDat_Faces/murad/VID20221016154120.mp4_0.jpg
murad,WhoDat_Faces/murad/VID20221016154120.mp4_14.jpg
murad,WhoDat_Faces/murad/VID20221016154120.mp4_16.jpg
murad,WhoDat_Faces/murad/VID20221016154120.mp4_12.jpg
murad,WhoDat_Faces/murad/VID20221016154120.mp4_20.jpg
murad,WhoDat_Faces/murad/IMG20220625141220.jpg_0.jpg
murad,WhoDat_Faces/murad/VID20221016154120.mp4_26.jpg
murad,WhoDat_Faces/murad/VID20221016154120.mp4_18.jpg
murad,WhoDat_Faces/murad/VID20221016154120.mp4_23.jpg
murad,WhoDat_Faces/murad/IMG20220625141212.jpg_0.jpg
murad,WhoDat_Faces/murad/VID20221016154120.mp4_15.jpg
murad,WhoDat_Faces/murad/VID20221016154120.mp4_6.jpg
murad,WhoDat_Faces/murad/VID20221016154120.mp4_3.jpg
murad,WhoDat_Faces/murad/VID20221016154120.mp4_19.jpg
murad,WhoDat_Faces/murad/VID20221016154120.mp4_17.jpg
murad,WhoDat_Faces/murad/VID20221016154120.mp4_2.jpg
murad,WhoDat_Faces/murad/VID20221016154120.mp4_4.jpg
murad,WhoDat_Faces/murad/VID20221016154120.mp4_10.jpg
murad,WhoDat_Faces/murad/VID20221016154120.mp4_21.jpg
murad,WhoDat_Faces/murad/IMG20220625122732.jpg_0.jpg
murad,WhoDat_Faces/murad/VID20221016154120.mp4_22.jpg
murad,WhoDat_Faces/murad/VID20221016154120.mp4_24.jpg
murad,WhoDat_Faces/murad/VID20221016154120.mp4_11.jpg
murad,WhoDat_Faces/murad/VID20221016154120.mp4_25.jpg
murad,WhoDat_Faces/murad/VID20221016154120.mp4_5.jpg
murad,WhoDat_Faces/murad/VID20221016154120.mp4_13.jpg
murad,WhoDat_Faces/murad/VID20221016154120.mp4_1.jpg
murad,WhoDat_Faces/murad/VID20221016154120.mp4_9.jpg
murad,WhoDat_Faces/murad/IMG20220625122736.jpg_0.jpg
mayoub,WhoDat_Faces/mayoub/Screenshot from 2023-04-09 15-49-49.png_0.jpg
mayoub,WhoDat_Faces/mayoub/Screenshot from 2023-04-09 15-50-16.png_0.jpg
mayoub,WhoDat_Faces/mayoub/IMG20230225154715.jpg_0.jpg
mayoub,WhoDat_Faces/mayoub/Screenshot from 2023-04-09 15-34-35.png_0.jpg
mayoub,WhoDat_Faces/mayoub/Screenshot from 2023-04-09 15-47-52.png_0.jpg
mayoub,WhoDat_Faces/mayoub/Screenshot from 2023-04-09 15-48-10.png_0.jpg
mayoub,WhoDat_Faces/mayoub/IMG20230225154449.jpg_0.jpg
mayoub,WhoDat_Faces/mayoub/Screenshot from 2023-04-09 15-47-19.png_0.jpg
mayoub,WhoDat_Faces/mayoub/IMG20230225154445.jpg_0.jpg
mayoub,WhoDat_Faces/mayoub/Screenshot from 2023-04-09 15-46-27.png_0.jpg
mayoub,WhoDat_Faces/mayoub/IMG20230225154450.jpg_0.jpg
mayoub,WhoDat_Faces/mayoub/Screenshot from 2023-04-09 15-46-47.png_0.jpg
mayoub,WhoDat_Faces/mayoub/Screenshot from 2023-04-09 15-46-38.png_0.jpg
mayoub,WhoDat_Faces/mayoub/IMG20230225154444.jpg_0.jpg
mayoub,WhoDat_Faces/mayoub/Screenshot from 2023-04-09 15-50-06.png_0.jpg
mayoub,WhoDat_Faces/mayoub/IMG20230225171625.jpg_0.jpg
mayoub,WhoDat_Faces/mayoub/IMG20230225154716.jpg_0.jpg
mayoub,WhoDat_Faces/mayoub/Screenshot from 2023-04-09 15-48-29.png_0.jpg
unknown,WhoDat_Faces/unknown/1 (1503).jpg_0.jpg
unknown,WhoDat_Faces/unknown/1 (1471).jpg_0.jpg
unknown,WhoDat_Faces/unknown/1 (1268).jpg_0.jpg
unknown,WhoDat_Faces/unknown/1 (1412).jpg_0.jpg
unknown,WhoDat_Faces/unknown/1 (1161).jpg_0.jpg
unknown,WhoDat_Faces/unknown/1 (787).jpg_0.jpg
unknown,WhoDat_Faces/unknown/1 (1774).jpg_0.jpg
unknown,WhoDat_Faces/unknown/1 (1112).jpg_0.jpg
unknown,WhoDat_Faces/unknown/1 (1115).jpg_0.jpg
unknown,WhoDat_Faces/unknown/1 (1724).jpg_0.jpg
unknown,WhoDat_Faces/unknown/1 (1250).jpg_0.jpg
unknown,WhoDat_Faces/unknown/1 (1060).jpg_0.jpg
unknown,WhoDat_Faces/unknown/1 (1452).jpg_0.jpg
unknown,WhoDat_Faces/unknown/1 (1234).jpg_0.jpg
unknown,WhoDat_Faces/unknown/1 (799).jpg_0.jpg
unknown,WhoDat_Faces/unknown/1 (1693).jpg_0.jpg
unknown,WhoDat_Faces/unknown/1 (948).jpg_0.jpg
unknown,WhoDat_Faces/unknown/1 (1292).jpg_0.jpg
unknown,WhoDat_Faces/unknown/1 (1588).jpg_0.jpg
unknown,WhoDat_Faces/unknown/1 (1061).jpg_0.jpg
unknown,WhoDat_Faces/unknown/1 (876).jpg_0.jpg
unknown,WhoDat_Faces/unknown/1 (1703).jpg_0.jpg
unknown,WhoDat_Faces/unknown/1 (1073).jpg_0.jpg
unknown,WhoDat_Faces/unknown/1 (1086).jpg_0.jpg
unknown,WhoDat_Faces/unknown/1 (1563).jpg_0.jpg
unknown,WhoDat_Faces/unknown/1 (1330).jpg_0.jpg
unknown,WhoDat_Faces/unknown/1 (1029).jpg_0.jpg
unknown,WhoDat_Faces/unknown/1 (1137).jpg_0.jpg
unknown,WhoDat_Faces/unknown/1 (1528).jpg_0.jpg
unknown,WhoDat_Faces/unknown/1 (794).jpg_0.jpg
unknown,WhoDat_Faces/unknown/1 (826).jpg_0.jpg
unknown,WhoDat_Faces/unknown/1 (963).jpg_0.jpg
unknown,WhoDat_Faces/unknown/1 (1174).jpg_0.jpg
unknown,WhoDat_Faces/unknown/1 (1037).jpg_0.jpg
unknown,WhoDat_Faces/unknown/1 (1237).jpg_0.jpg
unknown,WhoDat_Faces/unknown/1 (1515).jpg_0.jpg
unknown,WhoDat_Faces/unknown/1 (1081).jpg_0.jpg
unknown,WhoDat_Faces/unknown/1 (1385).jpg_0.jpg
unknown,WhoDat_Faces/unknown/1 (1781).jpg_0.jpg
unknown,WhoDat_Faces/unknown/1 (801).jpg_0.jpg
unknown,WhoDat_Faces/unknown/1 (903).jpg_0.jpg
unknown,WhoDat_Faces/unknown/1 (1532).jpg_0.jpg
unknown,WhoDat_Faces/unknown/1 (985).jpg_0.jpg
unknown,WhoDat_Faces/unknown/1 (1642).jpg_0.jpg
unknown,WhoDat_Faces/unknown/1 (1098).jpg_0.jpg
unknown,WhoDat_Faces/unknown/1 (1118).jpg_0.jpg
unknown,WhoDat_Faces/unknown/1 (1380).jpg_0.jpg
unknown,WhoDat_Faces/unknown/1 (1500).jpg_0.jpg
unknown,WhoDat_Faces/unknown/1 (1439).jpg_0.jpg
unknown,WhoDat_Faces/unknown/1 (911).jpg_0.jpg
unknown,WhoDat_Faces/unknown/1 (937).jpg_0.jpg
unknown,WhoDat_Faces/unknown/1 (999).jpg_0.jpg
unknown,WhoDat_Faces/unknown/1 (1343).jpg_0.jpg
unknown,WhoDat_Faces/unknown/1 (912).jpg_0.jpg
unknown,WhoDat_Faces/unknown/1 (1309).jpg_0.jpg
unknown,WhoDat_Faces/unknown/1 (965).jpg_0.jpg
unknown,WhoDat_Faces/unknown/1 (1266).jpg_0.jpg
unknown,WhoDat_Faces/unknown/1 (1299).jpg_0.jpg
unknown,WhoDat_Faces/unknown/1 (1364).jpg_0.jpg
unknown,WhoDat_Faces/unknown/1 (923).jpg_0.jpg
unknown,WhoDat_Faces/unknown/1 (1343).jpg_1.jpg
unknown,WhoDat_Faces/unknown/1 (1629).jpg_0.jpg
unknown,WhoDat_Faces/unknown/1 (1307).jpg_0.jpg
unknown,WhoDat_Faces/unknown/1 (810).jpg_0.jpg
unknown,WhoDat_Faces/unknown/1 (1675).jpg_0.jpg
unknown,WhoDat_Faces/unknown/1 (1491).jpg_0.jpg
unknown,WhoDat_Faces/unknown/1 (1731).jpg_0.jpg
unknown,WhoDat_Faces/unknown/1 (1191).jpg_0.jpg
unknown,WhoDat_Faces/unknown/1 (1178).jpg_0.jpg
unknown,WhoDat_Faces/unknown/1 (1607).jpg_0.jpg
unknown,WhoDat_Faces/unknown/1 (805).jpg_0.jpg
unknown,WhoDat_Faces/unknown/1 (1010).jpg_0.jpg
unknown,WhoDat_Faces/unknown/1 (796).jpg_0.jpg
unknown,WhoDat_Faces/unknown/1 (1108).jpg_0.jpg
unknown,WhoDat_Faces/unknown/1 (1461).jpg_0.jpg
unknown,WhoDat_Faces/unknown/1 (898).jpg_0.jpg
unknown,WhoDat_Faces/unknown/1 (1714).jpg_0.jpg
unknown,WhoDat_Faces/unknown/1 (1637).jpg_0.jpg
unknown,WhoDat_Faces/unknown/1 (1231).jpg_0.jpg
unknown,WhoDat_Faces/unknown/1 (1100).jpg_0.jpg
unknown,WhoDat_Faces/unknown/1 (1354).jpg_0.jpg
unknown,WhoDat_Faces/unknown/1 (1066).jpg_0.jpg
unknown,WhoDat_Faces/unknown/1 (1489).jpg_0.jpg
unknown,WhoDat_Faces/unknown/1 (1551).jpg_0.jpg
unknown,WhoDat_Faces/unknown/1 (1193).jpg_0.jpg
unknown,WhoDat_Faces/unknown/1 (892).jpg_0.jpg
unknown,WhoDat_Faces/unknown/1 (1659).jpg_0.jpg
unknown,WhoDat_Faces/unknown/1 (1759).jpg_0.jpg
unknown,WhoDat_Faces/unknown/1 (1707).jpg_0.jpg
unknown,WhoDat_Faces/unknown/1 (802).jpg_0.jpg
unknown,WhoDat_Faces/unknown/1 (1395).jpg_0.jpg
unknown,WhoDat_Faces/unknown/1 (1278).jpg_0.jpg
unknown,WhoDat_Faces/unknown/1 (927).jpg_0.jpg
unknown,WhoDat_Faces/unknown/1 (1732).jpg_0.jpg
unknown,WhoDat_Faces/unknown/1 (1162).jpg_0.jpg
unknown,WhoDat_Faces/unknown/1 (1116).jpg_0.jpg
unknown,WhoDat_Faces/unknown/1 (1687).jpg_0.jpg
unknown,WhoDat_Faces/unknown/1 (1650).jpg_0.jpg
unknown,WhoDat_Faces/unknown/1 (1128).jpg_0.jpg
unknown,WhoDat_Faces/unknown/1 (1685).jpg_0.jpg
unknown,WhoDat_Faces/unknown/1 (882).jpg_0.jpg
unknown,WhoDat_Faces/unknown/1 (1314).jpg_0.jpg
unknown,WhoDat_Faces/unknown/1 (1546).jpg_0.jpg
unknown,WhoDat_Faces/unknown/1 (928).jpg_0.jpg
unknown,WhoDat_Faces/unknown/1 (1057).jpg_0.jpg
unknown,WhoDat_Faces/unknown/1 (1113).jpg_0.jpg
unknown,WhoDat_Faces/unknown/1 (1052).jpg_0.jpg
unknown,WhoDat_Faces/unknown/1 (1363).jpg_0.jpg
unknown,WhoDat_Faces/unknown/1 (1593).jpg_0.jpg
unknown,WhoDat_Faces/unknown/1 (788).jpg_0.jpg
unknown,WhoDat_Faces/unknown/1 (1621).jpg_0.jpg
unknown,WhoDat_Faces/unknown/1 (1055).jpg_0.jpg
unknown,WhoDat_Faces/unknown/1 (1692).jpg_0.jpg
unknown,WhoDat_Faces/unknown/1 (1454).jpg_0.jpg
unknown,WhoDat_Faces/unknown/1 (1020).jpg_0.jpg
unknown,WhoDat_Faces/unknown/1 (1631).jpg_0.jpg
unknown,WhoDat_Faces/unknown/1 (1168).jpg_0.jpg
unknown,WhoDat_Faces/unknown/1 (914).jpg_0.jpg
unknown,WhoDat_Faces/unknown/1 (1171).jpg_0.jpg
unknown,WhoDat_Faces/unknown/1 (1547).jpg_0.jpg
unknown,WhoDat_Faces/unknown/1 (1601).jpg_0.jpg
unknown,WhoDat_Faces/unknown/1 (1741).jpg_0.jpg
unknown,WhoDat_Faces/unknown/1 (1552).jpg_0.jpg
unknown,WhoDat_Faces/unknown/1 (1119).jpg_0.jpg
unknown,WhoDat_Faces/unknown/1 (1716).jpg_0.jpg
unknown,WhoDat_Faces/unknown/1 (1337).jpg_0.jpg
unknown,WhoDat_Faces/unknown/1 (1509).jpg_0.jpg
unknown,WhoDat_Faces/unknown/1 (1092).jpg_0.jpg
unknown,WhoDat_Faces/unknown/1 (1614).jpg_0.jpg
unknown,WhoDat_Faces/unknown/1 (1438).jpg_0.jpg
unknown,WhoDat_Faces/unknown/1 (1152).jpg_0.jpg
unknown,WhoDat_Faces/unknown/1 (1132).jpg_0.jpg
unknown,WhoDat_Faces/unknown/1 (1678).jpg_0.jpg
unknown,WhoDat_Faces/unknown/1 (1392).jpg_0.jpg
unknown,WhoDat_Faces/unknown/1 (970).jpg_0.jpg
unknown,WhoDat_Faces/unknown/1 (1717).jpg_0.jpg
unknown,WhoDat_Faces/unknown/1 (813).jpg_0.jpg
unknown,WhoDat_Faces/unknown/1 (1529).jpg_0.jpg
unknown,WhoDat_Faces/unknown/1 (1215).jpg_0.jpg
unknown,WhoDat_Faces/unknown/1 (850).jpg_0.jpg
unknown,WhoDat_Faces/unknown/1 (1743).jpg_0.jpg
unknown,WhoDat_Faces/unknown/1 (1569).jpg_0.jpg
unknown,WhoDat_Faces/unknown/1 (1435).jpg_0.jpg
unknown,WhoDat_Faces/unknown/1 (1735).jpg_0.jpg
unknown,WhoDat_Faces/unknown/1 (1176).jpg_0.jpg
unknown,WhoDat_Faces/unknown/1 (1760).jpg_0.jpg
unknown,WhoDat_Faces/unknown/1 (1453).jpg_0.jpg
unknown,WhoDat_Faces/unknown/1 (1578).jpg_0.jpg
unknown,WhoDat_Faces/unknown/1 (1059).jpg_0.jpg
unknown,WhoDat_Faces/unknown/1 (1368).jpg_0.jpg
unknown,WhoDat_Faces/unknown/1 (1008).jpg_0.jpg
unknown,WhoDat_Faces/unknown/1 (992).jpg_0.jpg
unknown,WhoDat_Faces/unknown/1 (964).jpg_0.jpg
unknown,WhoDat_Faces/unknown/1 (1014).jpg_0.jpg
unknown,WhoDat_Faces/unknown/1 (1738).jpg_0.jpg
unknown,WhoDat_Faces/unknown/1 (1209).jpg_0.jpg
unknown,WhoDat_Faces/unknown/1 (1097).jpg_0.jpg
unknown,WhoDat_Faces/unknown/1 (1350).jpg_0.jpg
unknown,WhoDat_Faces/unknown/1 (1342).jpg_0.jpg
unknown,WhoDat_Faces/unknown/1 (1476).jpg_0.jpg
unknown,WhoDat_Faces/unknown/1 (1065).jpg_0.jpg
unknown,WhoDat_Faces/unknown/1 (1240).jpg_0.jpg
unknown,WhoDat_Faces/unknown/1 (1347).jpg_0.jpg
unknown,WhoDat_Faces/unknown/1 (1488).jpg_0.jpg
unknown,WhoDat_Faces/unknown/1 (1420).jpg_0.jpg
unknown,WhoDat_Faces/unknown/1 (1495).jpg_0.jpg
unknown,WhoDat_Faces/unknown/1 (1582).jpg_0.jpg
unknown,WhoDat_Faces/unknown/1 (1205).jpg_0.jpg
unknown,WhoDat_Faces/unknown/1 (1534).jpg_0.jpg
unknown,WhoDat_Faces/unknown/1 (875).jpg_0.jpg
unknown,WhoDat_Faces/unknown/1 (865).jpg_0.jpg
unknown,WhoDat_Faces/unknown/1 (1320).jpg_0.jpg
unknown,WhoDat_Faces/unknown/1 (1203).jpg_0.jpg
unknown,WhoDat_Faces/unknown/1 (1336).jpg_0.jpg
unknown,WhoDat_Faces/unknown/1 (1553).jpg_0.jpg
unknown,WhoDat_Faces/unknown/1 (1185).jpg_0.jpg
unknown,WhoDat_Faces/unknown/1 (917).jpg_0.jpg
unknown,WhoDat_Faces/unknown/1 (1201).jpg_0.jpg
unknown,WhoDat_Faces/unknown/1 (1373).jpg_0.jpg
unknown,WhoDat_Faces/unknown/1 (1026).jpg_0.jpg
unknown,WhoDat_Faces/unknown/1 (782).jpg_0.jpg
unknown,WhoDat_Faces/unknown/1 (1024).jpg_0.jpg
unknown,WhoDat_Faces/unknown/1 (1744).jpg_0.jpg
unknown,WhoDat_Faces/unknown/1 (1538).jpg_0.jpg
unknown,WhoDat_Faces/unknown/1 (1710).jpg_0.jpg
unknown,WhoDat_Faces/unknown/1 (1187).jpg_0.jpg
unknown,WhoDat_Faces/unknown/1 (1424).jpg_0.jpg
unknown,WhoDat_Faces/unknown/1 (969).jpg_0.jpg
unknown,WhoDat_Faces/unknown/1 (1610).jpg_0.jpg
unknown,WhoDat_Faces/unknown/1 (1765).jpg_0.jpg
unknown,WhoDat_Faces/unknown/1 (1655).jpg_0.jpg
unknown,WhoDat_Faces/unknown/1 (1360).jpg_0.jpg
unknown,WhoDat_Faces/unknown/1 (1753).jpg_0.jpg
unknown,WhoDat_Faces/unknown/1 (1504).jpg_0.jpg
unknown,WhoDat_Faces/unknown/1 (1684).jpg_0.jpg
unknown,WhoDat_Faces/unknown/1 (1379).jpg_0.jpg
unknown,WhoDat_Faces/unknown/1 (1151).jpg_0.jpg
unknown,WhoDat_Faces/unknown/1 (1590).jpg_0.jpg
unknown,WhoDat_Faces/unknown/1 (1107).jpg_0.jpg
unknown,WhoDat_Faces/unknown/1 (894).jpg_0.jpg
unknown,WhoDat_Faces/unknown/1 (1291).jpg_0.jpg
unknown,WhoDat_Faces/unknown/1 (1514).jpg_0.jpg
unknown,WhoDat_Faces/unknown/1 (1022).jpg_0.jpg
unknown,WhoDat_Faces/unknown/1 (1446).jpg_0.jpg
unknown,WhoDat_Faces/unknown/1 (905).jpg_0.jpg
unknown,WhoDat_Faces/unknown/1 (1608).jpg_0.jpg
unknown,WhoDat_Faces/unknown/1 (1143).jpg_0.jpg
unknown,WhoDat_Faces/unknown/1 (1252).jpg_0.jpg
unknown,WhoDat_Faces/unknown/1 (1407).jpg_0.jpg
unknown,WhoDat_Faces/unknown/1 (1672).jpg_0.jpg
unknown,WhoDat_Faces/unknown/1 (958).jpg_0.jpg
unknown,WhoDat_Faces/unknown/1 (1015).jpg_2.jpg
unknown,WhoDat_Faces/unknown/1 (920).jpg_0.jpg
unknown,WhoDat_Faces/unknown/1 (922).jpg_0.jpg
unknown,WhoDat_Faces/unknown/1 (1750).jpg_0.jpg
unknown,WhoDat_Faces/unknown/1 (1284).jpg_0.jpg
unknown,WhoDat_Faces/unknown/1 (1359).jpg_0.jpg
unknown,WhoDat_Faces/unknown/1 (1691).jpg_0.jpg
unknown,WhoDat_Faces/unknown/1 (1076).jpg_0.jpg
unknown,WhoDat_Faces/unknown/1 (1490).jpg_0.jpg
unknown,WhoDat_Faces/unknown/1 (974).jpg_0.jpg
unknown,WhoDat_Faces/unknown/1 (1165).jpg_0.jpg
unknown,WhoDat_Faces/unknown/1 (1289).jpg_0.jpg
unknown,WhoDat_Faces/unknown/1 (1644).jpg_0.jpg
unknown,WhoDat_Faces/unknown/1 (933).jpg_0.jpg
unknown,WhoDat_Faces/unknown/1 (1296).jpg_1.jpg
unknown,WhoDat_Faces/unknown/1 (877).jpg_0.jpg
unknown,WhoDat_Faces/unknown/1 (940).jpg_0.jpg
unknown,WhoDat_Faces/unknown/1 (833).jpg_0.jpg
unknown,WhoDat_Faces/unknown/1 (1109).jpg_0.jpg
unknown,WhoDat_Faces/unknown/1 (868).jpg_0.jpg
unknown,WhoDat_Faces/unknown/1 (1298).jpg_0.jpg
unknown,WhoDat_Faces/unknown/1 (1730).jpg_0.jpg
unknown,WhoDat_Faces/unknown/1 (1630).jpg_0.jpg
unknown,WhoDat_Faces/unknown/1 (1321).jpg_0.jpg
unknown,WhoDat_Faces/unknown/1 (883).jpg_0.jpg
unknown,WhoDat_Faces/unknown/1 (1668).jpg_0.jpg
unknown,WhoDat_Faces/unknown/1 (1028).jpg_0.jpg
unknown,WhoDat_Faces/unknown/1 (1322).jpg_0.jpg
unknown,WhoDat_Faces/unknown/1 (1378).jpg_0.jpg
unknown,WhoDat_Faces/unknown/1 (896).jpg_0.jpg
unknown,WhoDat_Faces/unknown/1 (1123).jpg_0.jpg
unknown,WhoDat_Faces/unknown/1 (906).jpg_0.jpg
unknown,WhoDat_Faces/unknown/1 (1480).jpg_0.jpg
unknown,WhoDat_Faces/unknown/1 (1332).jpg_0.jpg
unknown,WhoDat_Faces/unknown/1 (947).jpg_0.jpg
unknown,WhoDat_Faces/unknown/1 (1772).jpg_0.jpg
unknown,WhoDat_Faces/unknown/1 (1545).jpg_0.jpg
unknown,WhoDat_Faces/unknown/1 (1527).jpg_0.jpg
unknown,WhoDat_Faces/unknown/1 (944).jpg_0.jpg
unknown,WhoDat_Faces/unknown/1 (783).jpg_0.jpg
unknown,WhoDat_Faces/unknown/1 (821).jpg_0.jpg
unknown,WhoDat_Faces/unknown/1 (1133).jpg_0.jpg
unknown,WhoDat_Faces/unknown/1 (1011).jpg_0.jpg
unknown,WhoDat_Faces/unknown/1 (891).jpg_0.jpg
unknown,WhoDat_Faces/unknown/1 (901).jpg_0.jpg
unknown,WhoDat_Faces/unknown/1 (981).jpg_0.jpg
unknown,WhoDat_Faces/unknown/1 (862).jpg_0.jpg
unknown,WhoDat_Faces/unknown/1 (1384).jpg_0.jpg
unknown,WhoDat_Faces/unknown/1 (1472).jpg_0.jpg
unknown,WhoDat_Faces/unknown/1 (1179).jpg_0.jpg
unknown,WhoDat_Faces/unknown/1 (1211).jpg_0.jpg
unknown,WhoDat_Faces/unknown/1 (1064).jpg_0.jpg
unknown,WhoDat_Faces/unknown/1 (1432).jpg_0.jpg
unknown,WhoDat_Faces/unknown/1 (1186).jpg_0.jpg
unknown,WhoDat_Faces/unknown/1 (1416).jpg_0.jpg
unknown,WhoDat_Faces/unknown/1 (1767).jpg_0.jpg
unknown,WhoDat_Faces/unknown/1 (1450).jpg_0.jpg
unknown,WhoDat_Faces/unknown/1 (1199).jpg_0.jpg
unknown,WhoDat_Faces/unknown/1 (1078).jpg_0.jpg
unknown,WhoDat_Faces/unknown/1 (1682).jpg_0.jpg
unknown,WhoDat_Faces/unknown/1 (1526).jpg_0.jpg
unknown,WhoDat_Faces/unknown/1 (1206).jpg_0.jpg
unknown,WhoDat_Faces/unknown/1 (1447).jpg_0.jpg
unknown,WhoDat_Faces/unknown/1 (1512).jpg_0.jpg
unknown,WhoDat_Faces/unknown/1 (1213).jpg_0.jpg
unknown,WhoDat_Faces/unknown/1 (1778).jpg_0.jpg
unknown,WhoDat_Faces/unknown/1 (1651).jpg_0.jpg
unknown,WhoDat_Faces/unknown/1 (1243).jpg_0.jpg
unknown,WhoDat_Faces/unknown/1 (1279).jpg_0.jpg
unknown,WhoDat_Faces/unknown/1 (1001).jpg_0.jpg
unknown,WhoDat_Faces/unknown/1 (1434).jpg_0.jpg
unknown,WhoDat_Faces/unknown/1 (984).jpg_0.jpg
unknown,WhoDat_Faces/unknown/1 (1470).jpg_0.jpg
unknown,WhoDat_Faces/unknown/1 (1549).jpg_0.jpg
unknown,WhoDat_Faces/unknown/1 (1620).jpg_0.jpg
unknown,WhoDat_Faces/unknown/1 (1632).jpg_0.jpg
unknown,WhoDat_Faces/unknown/1 (1709).jpg_0.jpg
unknown,WhoDat_Faces/unknown/1 (1510).jpg_0.jpg
unknown,WhoDat_Faces/unknown/1 (1548).jpg_0.jpg
unknown,WhoDat_Faces/unknown/1 (1560).jpg_0.jpg
unknown,WhoDat_Faces/unknown/1 (1317).jpg_0.jpg
unknown,WhoDat_Faces/unknown/1 (1711).jpg_0.jpg
unknown,WhoDat_Faces/unknown/1 (1251).jpg_0.jpg
unknown,WhoDat_Faces/unknown/1 (1419).jpg_0.jpg
unknown,WhoDat_Faces/unknown/1 (887).jpg_0.jpg
unknown,WhoDat_Faces/unknown/1 (1666).jpg_0.jpg
unknown,WhoDat_Faces/unknown/1 (1374).jpg_0.jpg
unknown,WhoDat_Faces/unknown/1 (1288).jpg_0.jpg
unknown,WhoDat_Faces/unknown/1 (1394).jpg_0.jpg
unknown,WhoDat_Faces/unknown/1 (1032).jpg_0.jpg
unknown,WhoDat_Faces/unknown/1 (1624).jpg_0.jpg
unknown,WhoDat_Faces/unknown/1 (1208).jpg_0.jpg
unknown,WhoDat_Faces/unknown/1 (1276).jpg_0.jpg
unknown,WhoDat_Faces/unknown/1 (1681).jpg_0.jpg
unknown,WhoDat_Faces/unknown/1 (1758).jpg_0.jpg
unknown,WhoDat_Faces/unknown/1 (1562).jpg_0.jpg
unknown,WhoDat_Faces/unknown/1 (837).jpg_0.jpg
unknown,WhoDat_Faces/unknown/1 (1183).jpg_0.jpg
unknown,WhoDat_Faces/unknown/1 (1333).jpg_0.jpg
unknown,WhoDat_Faces/unknown/1 (1139).jpg_0.jpg
unknown,WhoDat_Faces/unknown/1 (1326).jpg_0.jpg
unknown,WhoDat_Faces/unknown/1 (1352).jpg_0.jpg
unknown,WhoDat_Faces/unknown/1 (1023).jpg_0.jpg
unknown,WhoDat_Faces/unknown/1 (1348).jpg_0.jpg
unknown,WhoDat_Faces/unknown/1 (936).jpg_0.jpg
unknown,WhoDat_Faces/unknown/1 (838).jpg_0.jpg
unknown,WhoDat_Faces/unknown/1 (1505).jpg_0.jpg
unknown,WhoDat_Faces/unknown/1 (1110).jpg_0.jpg
unknown,WhoDat_Faces/unknown/1 (815).jpg_0.jpg
unknown,WhoDat_Faces/unknown/1 (1567).jpg_1.jpg
unknown,WhoDat_Faces/unknown/1 (1131).jpg_0.jpg
unknown,WhoDat_Faces/unknown/1 (1158).jpg_0.jpg
unknown,WhoDat_Faces/unknown/1 (1089).jpg_0.jpg
unknown,WhoDat_Faces/unknown/1 (1463).jpg_0.jpg
unknown,WhoDat_Faces/unknown/1 (1473).jpg_0.jpg
unknown,WhoDat_Faces/unknown/1 (1286).jpg_0.jpg
unknown,WhoDat_Faces/unknown/1 (1163).jpg_0.jpg
unknown,WhoDat_Faces/unknown/1 (1763).jpg_0.jpg
unknown,WhoDat_Faces/unknown/1 (930).jpg_0.jpg
unknown,WhoDat_Faces/unknown/1 (1613).jpg_0.jpg
unknown,WhoDat_Faces/unknown/1 (1673).jpg_0.jpg
unknown,WhoDat_Faces/unknown/1 (1166).jpg_0.jpg
unknown,WhoDat_Faces/unknown/1 (932).jpg_0.jpg
unknown,WhoDat_Faces/unknown/1 (1228).jpg_0.jpg
unknown,WhoDat_Faces/unknown/1 (1617).jpg_0.jpg
unknown,WhoDat_Faces/unknown/1 (1050).jpg_0.jpg
unknown,WhoDat_Faces/unknown/1 (846).jpg_0.jpg
unknown,WhoDat_Faces/unknown/1 (1044).jpg_0.jpg
unknown,WhoDat_Faces/unknown/1 (1464).jpg_0.jpg
unknown,WhoDat_Faces/unknown/1 (1000).jpg_0.jpg
unknown,WhoDat_Faces/unknown/1 (1584).jpg_0.jpg
unknown,WhoDat_Faces/unknown/1 (1153).jpg_0.jpg
unknown,WhoDat_Faces/unknown/1 (1323).jpg_0.jpg
unknown,WhoDat_Faces/unknown/1 (1127).jpg_0.jpg
unknown,WhoDat_Faces/unknown/1 (1768).jpg_0.jpg
unknown,WhoDat_Faces/unknown/1 (1090).jpg_0.jpg
unknown,WhoDat_Faces/unknown/1 (1600).jpg_0.jpg
unknown,WhoDat_Faces/unknown/1 (1351).jpg_0.jpg
unknown,WhoDat_Faces/unknown/1 (1770).jpg_0.jpg
unknown,WhoDat_Faces/unknown/1 (1334).jpg_0.jpg
unknown,WhoDat_Faces/unknown/1 (835).jpg_0.jpg
unknown,WhoDat_Faces/unknown/1 (1095).jpg_0.jpg
unknown,WhoDat_Faces/unknown/1 (1105).jpg_0.jpg
unknown,WhoDat_Faces/unknown/1 (1606).jpg_0.jpg
unknown,WhoDat_Faces/unknown/1 (1283).jpg_0.jpg
unknown,WhoDat_Faces/unknown/1 (971).jpg_0.jpg
unknown,WhoDat_Faces/unknown/1 (1688).jpg_0.jpg
unknown,WhoDat_Faces/unknown/1 (1169).jpg_0.jpg
unknown,WhoDat_Faces/unknown/1 (1101).jpg_0.jpg
unknown,WhoDat_Faces/unknown/1 (1308).jpg_0.jpg
unknown,WhoDat_Faces/unknown/1 (1247).jpg_0.jpg
unknown,WhoDat_Faces/unknown/1 (1236).jpg_0.jpg
unknown,WhoDat_Faces/unknown/1 (1521).jpg_0.jpg
unknown,WhoDat_Faces/unknown/1 (1156).jpg_2.jpg
unknown,WhoDat_Faces/unknown/1 (849).jpg_0.jpg
unknown,WhoDat_Faces/unknown/1 (1654).jpg_0.jpg
unknown,WhoDat_Faces/unknown/1 (830).jpg_0.jpg
unknown,WhoDat_Faces/unknown/1 (1762).jpg_0.jpg
unknown,WhoDat_Faces/unknown/1 (1541).jpg_0.jpg
unknown,WhoDat_Faces/unknown/1 (939).jpg_0.jpg
unknown,WhoDat_Faces/unknown/1 (859).jpg_0.jpg
unknown,WhoDat_Faces/unknown/1 (1018).jpg_0.jpg
unknown,WhoDat_Faces/unknown/1 (793).jpg_0.jpg
unknown,WhoDat_Faces/unknown/1 (1134).jpg_0.jpg
unknown,WhoDat_Faces/unknown/1 (1015).jpg_0.jpg
unknown,WhoDat_Faces/unknown/1 (829).jpg_0.jpg
unknown,WhoDat_Faces/unknown/1 (1611).jpg_0.jpg
unknown,WhoDat_Faces/unknown/1 (1581).jpg_0.jpg
unknown,WhoDat_Faces/unknown/1 (866).jpg_0.jpg
unknown,WhoDat_Faces/unknown/1 (1338).jpg_0.jpg
unknown,WhoDat_Faces/unknown/1 (1219).jpg_0.jpg
unknown,WhoDat_Faces/unknown/1 (1455).jpg_0.jpg
unknown,WhoDat_Faces/unknown/1 (839).jpg_0.jpg
unknown,WhoDat_Faces/unknown/1 (1329).jpg_0.jpg
unknown,WhoDat_Faces/unknown/1 (1295).jpg_0.jpg
unknown,WhoDat_Faces/unknown/1 (1261).jpg_0.jpg
unknown,WhoDat_Faces/unknown/1 (1496).jpg_0.jpg
unknown,WhoDat_Faces/unknown/1 (1126).jpg_0.jpg
unknown,WhoDat_Faces/unknown/1 (1559).jpg_0.jpg
unknown,WhoDat_Faces/unknown/1 (943).jpg_0.jpg
unknown,WhoDat_Faces/unknown/1 (1665).jpg_0.jpg
unknown,WhoDat_Faces/unknown/1 (1427).jpg_0.jpg
unknown,WhoDat_Faces/unknown/1 (1522).jpg_0.jpg
unknown,WhoDat_Faces/unknown/1 (1160).jpg_0.jpg
unknown,WhoDat_Faces/unknown/1 (1277).jpg_0.jpg
unknown,WhoDat_Faces/unknown/1 (1249).jpg_0.jpg
unknown,WhoDat_Faces/unknown/1 (952).jpg_0.jpg
unknown,WhoDat_Faces/unknown/1 (1596).jpg_0.jpg
unknown,WhoDat_Faces/unknown/1 (1619).jpg_0.jpg
unknown,WhoDat_Faces/unknown/1 (1366).jpg_0.jpg
unknown,WhoDat_Faces/unknown/1 (824).jpg_0.jpg
unknown,WhoDat_Faces/unknown/1 (818).jpg_0.jpg
unknown,WhoDat_Faces/unknown/1 (1397).jpg_0.jpg
unknown,WhoDat_Faces/unknown/1 (1680).jpg_0.jpg
unknown,WhoDat_Faces/unknown/1 (1508).jpg_0.jpg
unknown,WhoDat_Faces/unknown/1 (1460).jpg_0.jpg
unknown,WhoDat_Faces/unknown/1 (1690).jpg_0.jpg
unknown,WhoDat_Faces/unknown/1 (1217).jpg_0.jpg
unknown,WhoDat_Faces/unknown/1 (1773).jpg_0.jpg
unknown,WhoDat_Faces/unknown/1 (1146).jpg_0.jpg
unknown,WhoDat_Faces/unknown/1 (1525).jpg_0.jpg
unknown,WhoDat_Faces/unknown/1 (1449).jpg_0.jpg
unknown,WhoDat_Faces/unknown/1 (1733).jpg_0.jpg
unknown,WhoDat_Faces/unknown/1 (1145).jpg_0.jpg
unknown,WhoDat_Faces/unknown/1 (1129).jpg_0.jpg
unknown,WhoDat_Faces/unknown/1 (1159).jpg_0.jpg
unknown,WhoDat_Faces/unknown/1 (848).jpg_0.jpg
unknown,WhoDat_Faces/unknown/1 (1304).jpg_0.jpg
unknown,WhoDat_Faces/unknown/1 (1084).jpg_0.jpg
unknown,WhoDat_Faces/unknown/1 (842).jpg_0.jpg
unknown,WhoDat_Faces/unknown/1 (997).jpg_0.jpg
unknown,WhoDat_Faces/unknown/1 (1715).jpg_0.jpg
unknown,WhoDat_Faces/unknown/1 (1704).jpg_0.jpg
unknown,WhoDat_Faces/unknown/1 (978).jpg_0.jpg
unknown,WhoDat_Faces/unknown/1 (987).jpg_0.jpg
unknown,WhoDat_Faces/unknown/1 (855).jpg_0.jpg
unknown,WhoDat_Faces/unknown/1 (1566).jpg_0.jpg
unknown,WhoDat_Faces/unknown/1 (1214).jpg_0.jpg
unknown,WhoDat_Faces/unknown/1 (1339).jpg_0.jpg
unknown,WhoDat_Faces/unknown/1 (915).jpg_0.jpg
unknown,WhoDat_Faces/unknown/1 (1403).jpg_0.jpg
unknown,WhoDat_Faces/unknown/1 (899).jpg_0.jpg
unknown,WhoDat_Faces/unknown/1 (1370).jpg_0.jpg
unknown,WhoDat_Faces/unknown/1 (1498).jpg_0.jpg
unknown,WhoDat_Faces/unknown/1 (1138).jpg_0.jpg
unknown,WhoDat_Faces/unknown/1 (972).jpg_0.jpg
unknown,WhoDat_Faces/unknown/1 (1414).jpg_0.jpg
unknown,WhoDat_Faces/unknown/1 (1212).jpg_0.jpg
unknown,WhoDat_Faces/unknown/1 (1172).jpg_0.jpg
unknown,WhoDat_Faces/unknown/1 (808).jpg_0.jpg
unknown,WhoDat_Faces/unknown/1 (1445).jpg_0.jpg
unknown,WhoDat_Faces/unknown/1 (1756).jpg_1.jpg
unknown,WhoDat_Faces/unknown/1 (1485).jpg_0.jpg
unknown,WhoDat_Faces/unknown/1 (1227).jpg_0.jpg
unknown,WhoDat_Faces/unknown/1 (1497).jpg_0.jpg
unknown,WhoDat_Faces/unknown/1 (854).jpg_0.jpg
unknown,WhoDat_Faces/unknown/1 (1154).jpg_0.jpg
unknown,WhoDat_Faces/unknown/1 (1652).jpg_0.jpg
unknown,WhoDat_Faces/unknown/1 (1362).jpg_0.jpg
unknown,WhoDat_Faces/unknown/1 (1441).jpg_0.jpg
unknown,WhoDat_Faces/unknown/1 (1656).jpg_0.jpg
unknown,WhoDat_Faces/unknown/1 (788).jpg_1.jpg
unknown,WhoDat_Faces/unknown/1 (1564).jpg_0.jpg
unknown,WhoDat_Faces/unknown/1 (908).jpg_0.jpg
unknown,WhoDat_Faces/unknown/1 (1494).jpg_0.jpg
unknown,WhoDat_Faces/unknown/1 (1507).jpg_0.jpg
unknown,WhoDat_Faces/unknown/1 (1312).jpg_0.jpg
unknown,WhoDat_Faces/unknown/1 (1754).jpg_0.jpg
unknown,WhoDat_Faces/unknown/1 (935).jpg_0.jpg
unknown,WhoDat_Faces/unknown/1 (998).jpg_0.jpg
unknown,WhoDat_Faces/unknown/1 (1405).jpg_0.jpg
unknown,WhoDat_Faces/unknown/1 (1349).jpg_0.jpg
unknown,WhoDat_Faces/unknown/1 (798).jpg_0.jpg
unknown,WhoDat_Faces/unknown/1 (1039).jpg_0.jpg
unknown,WhoDat_Faces/unknown/1 (1058).jpg_0.jpg
unknown,WhoDat_Faces/unknown/1 (1400).jpg_0.jpg
unknown,WhoDat_Faces/unknown/1 (1428).jpg_0.jpg
unknown,WhoDat_Faces/unknown/1 (1170).jpg_0.jpg
unknown,WhoDat_Faces/unknown/1 (1315).jpg_0.jpg
unknown,WhoDat_Faces/unknown/1 (1210).jpg_0.jpg
unknown,WhoDat_Faces/unknown/1 (1587).jpg_0.jpg
unknown,WhoDat_Faces/unknown/1 (1088).jpg_0.jpg
unknown,WhoDat_Faces/unknown/1 (797).jpg_0.jpg
unknown,WhoDat_Faces/unknown/1 (1554).jpg_0.jpg
unknown,WhoDat_Faces/unknown/1 (1077).jpg_0.jpg
unknown,WhoDat_Faces/unknown/1 (1182).jpg_0.jpg
unknown,WhoDat_Faces/unknown/1 (1406).jpg_0.jpg
unknown,WhoDat_Faces/unknown/1 (1367).jpg_0.jpg
unknown,WhoDat_Faces/unknown/1 (1591).jpg_0.jpg
unknown,WhoDat_Faces/unknown/1 (1246).jpg_0.jpg
unknown,WhoDat_Faces/unknown/1 (1609).jpg_0.jpg
unknown,WhoDat_Faces/unknown/1 (942).jpg_0.jpg
unknown,WhoDat_Faces/unknown/1 (951).jpg_0.jpg
unknown,WhoDat_Faces/unknown/1 (1120).jpg_0.jpg
unknown,WhoDat_Faces/unknown/1 (975).jpg_0.jpg
unknown,WhoDat_Faces/unknown/1 (870).jpg_0.jpg
unknown,WhoDat_Faces/unknown/1 (795).jpg_0.jpg
unknown,WhoDat_Faces/unknown/1 (1382).jpg_1.jpg
unknown,WhoDat_Faces/unknown/1 (1718).jpg_0.jpg
unknown,WhoDat_Faces/unknown/1 (1103).jpg_0.jpg
unknown,WhoDat_Faces/unknown/1 (919).jpg_0.jpg
unknown,WhoDat_Faces/unknown/1 (1239).jpg_0.jpg
unknown,WhoDat_Faces/unknown/1 (1344).jpg_0.jpg
unknown,WhoDat_Faces/unknown/1 (1747).jpg_0.jpg
unknown,WhoDat_Faces/unknown/1 (1177).jpg_0.jpg
unknown,WhoDat_Faces/unknown/1 (1062).jpg_0.jpg
unknown,WhoDat_Faces/unknown/1 (1069).jpg_0.jpg
unknown,WhoDat_Faces/unknown/1 (1263).jpg_0.jpg
unknown,WhoDat_Faces/unknown/1 (1345).jpg_0.jpg
unknown,WhoDat_Faces/unknown/1 (1433).jpg_0.jpg
unknown,WhoDat_Faces/unknown/1 (1094).jpg_0.jpg
unknown,WhoDat_Faces/unknown/1 (1657).jpg_0.jpg
unknown,WhoDat_Faces/unknown/1 (1341).jpg_0.jpg
unknown,WhoDat_Faces/unknown/1 (1469).jpg_0.jpg
unknown,WhoDat_Faces/unknown/1 (1645).jpg_0.jpg
unknown,WhoDat_Faces/unknown/1 (1369).jpg_0.jpg
unknown,WhoDat_Faces/unknown/1 (1444).jpg_0.jpg
unknown,WhoDat_Faces/unknown/1 (1670).jpg_0.jpg
unknown,WhoDat_Faces/unknown/1 (1592).jpg_0.jpg
unknown,WhoDat_Faces/unknown/1 (1192).jpg_0.jpg
unknown,WhoDat_Faces/unknown/1 (1626).jpg_0.jpg
unknown,WhoDat_Faces/unknown/1 (1418).jpg_0.jpg
unknown,WhoDat_Faces/unknown/1 (1220).jpg_0.jpg
unknown,WhoDat_Faces/unknown/1 (910).jpg_0.jpg
unknown,WhoDat_Faces/unknown/1 (784).jpg_0.jpg
unknown,WhoDat_Faces/unknown/1 (1544).jpg_0.jpg
unknown,WhoDat_Faces/unknown/1 (1204).jpg_0.jpg
unknown,WhoDat_Faces/unknown/1 (1195).jpg_0.jpg
unknown,WhoDat_Faces/unknown/1 (897).jpg_0.jpg
unknown,WhoDat_Faces/unknown/1 (1198).jpg_0.jpg
unknown,WhoDat_Faces/unknown/1 (1640).jpg_0.jpg
unknown,WhoDat_Faces/unknown/1 (1358).jpg_0.jpg
unknown,WhoDat_Faces/unknown/1 (861).jpg_0.jpg
unknown,WhoDat_Faces/unknown/1 (1218).jpg_0.jpg
unknown,WhoDat_Faces/unknown/1 (863).jpg_0.jpg
unknown,WhoDat_Faces/unknown/1 (1775).jpg_0.jpg
unknown,WhoDat_Faces/unknown/1 (924).jpg_0.jpg
unknown,WhoDat_Faces/unknown/1 (1124).jpg_0.jpg
unknown,WhoDat_Faces/unknown/1 (1377).jpg_0.jpg
unknown,WhoDat_Faces/unknown/1 (1387).jpg_0.jpg
unknown,WhoDat_Faces/unknown/1 (819).jpg_0.jpg
unknown,WhoDat_Faces/unknown/1 (1524).jpg_0.jpg
unknown,WhoDat_Faces/unknown/1 (1328).jpg_0.jpg
unknown,WhoDat_Faces/unknown/1 (1386).jpg_0.jpg
unknown,WhoDat_Faces/unknown/1 (1371).jpg_0.jpg
unknown,WhoDat_Faces/unknown/1 (1327).jpg_0.jpg
unknown,WhoDat_Faces/unknown/1 (871).jpg_0.jpg
unknown,WhoDat_Faces/unknown/1 (804).jpg_0.jpg
unknown,WhoDat_Faces/unknown/1 (956).jpg_0.jpg
unknown,WhoDat_Faces/unknown/1 (1067).jpg_0.jpg
unknown,WhoDat_Faces/unknown/1 (1415).jpg_0.jpg
unknown,WhoDat_Faces/unknown/1 (1015).jpg_1.jpg
unknown,WhoDat_Faces/unknown/1 (973).jpg_0.jpg
unknown,WhoDat_Faces/unknown/1 (1404).jpg_0.jpg
unknown,WhoDat_Faces/unknown/1 (1041).jpg_0.jpg
unknown,WhoDat_Faces/unknown/1 (1080).jpg_0.jpg
unknown,WhoDat_Faces/unknown/1 (1021).jpg_0.jpg
unknown,WhoDat_Faces/unknown/1 (1200).jpg_0.jpg
unknown,WhoDat_Faces/unknown/1 (822).jpg_0.jpg
unknown,WhoDat_Faces/unknown/1 (1175).jpg_0.jpg
unknown,WhoDat_Faces/unknown/1 (1561).jpg_0.jpg
unknown,WhoDat_Faces/unknown/1 (1575).jpg_0.jpg
unknown,WhoDat_Faces/unknown/1 (1679).jpg_0.jpg
unknown,WhoDat_Faces/unknown/1 (1722).jpg_0.jpg
unknown,WhoDat_Faces/unknown/1 (1036).jpg_0.jpg
unknown,WhoDat_Faces/unknown/1 (1074).jpg_0.jpg
unknown,WhoDat_Faces/unknown/1 (1144).jpg_0.jpg
unknown,WhoDat_Faces/unknown/1 (840).jpg_0.jpg
unknown,WhoDat_Faces/unknown/1 (1398).jpg_0.jpg
unknown,WhoDat_Faces/unknown/1 (955).jpg_0.jpg
unknown,WhoDat_Faces/unknown/1 (1751).jpg_0.jpg
unknown,WhoDat_Faces/unknown/1 (1467).jpg_0.jpg
unknown,WhoDat_Faces/unknown/1 (832).jpg_0.jpg
unknown,WhoDat_Faces/unknown/1 (1221).jpg_0.jpg
unknown,WhoDat_Faces/unknown/1 (1616).jpg_0.jpg
unknown,WhoDat_Faces/unknown/1 (1324).jpg_0.jpg
unknown,WhoDat_Faces/unknown/1 (1099).jpg_0.jpg
unknown,WhoDat_Faces/unknown/1 (1475).jpg_0.jpg
unknown,WhoDat_Faces/unknown/1 (890).jpg_0.jpg
unknown,WhoDat_Faces/unknown/1 (1542).jpg_0.jpg
unknown,WhoDat_Faces/unknown/1 (1628).jpg_0.jpg
unknown,WhoDat_Faces/unknown/1 (1466).jpg_0.jpg
unknown,WhoDat_Faces/unknown/1 (1009).jpg_0.jpg
unknown,WhoDat_Faces/unknown/1 (1421).jpg_0.jpg
unknown,WhoDat_Faces/unknown/1 (1700).jpg_0.jpg
unknown,WhoDat_Faces/unknown/1 (1565).jpg_0.jpg
unknown,WhoDat_Faces/unknown/1 (1662).jpg_0.jpg
unknown,WhoDat_Faces/unknown/1 (1671).jpg_0.jpg
unknown,WhoDat_Faces/unknown/1 (1618).jpg_0.jpg
unknown,WhoDat_Faces/unknown/1 (1533).jpg_0.jpg
unknown,WhoDat_Faces/unknown/1 (1356).jpg_0.jpg
unknown,WhoDat_Faces/unknown/1 (831).jpg_0.jpg
unknown,WhoDat_Faces/unknown/1 (1539).jpg_0.jpg
unknown,WhoDat_Faces/unknown/1 (1226).jpg_0.jpg
unknown,WhoDat_Faces/unknown/1 (781).jpg_0.jpg
unknown,WhoDat_Faces/unknown/1 (1401).jpg_0.jpg
unknown,WhoDat_Faces/unknown/1 (1106).jpg_0.jpg
unknown,WhoDat_Faces/unknown/1 (1511).jpg_0.jpg
unknown,WhoDat_Faces/unknown/1 (1048).jpg_0.jpg
unknown,WhoDat_Faces/unknown/1 (1567).jpg_0.jpg
unknown,WhoDat_Faces/unknown/1 (1739).jpg_0.jpg
unknown,WhoDat_Faces/unknown/1 (817).jpg_0.jpg
unknown,WhoDat_Faces/unknown/1 (980).jpg_0.jpg
unknown,WhoDat_Faces/unknown/1 (1482).jpg_0.jpg
unknown,WhoDat_Faces/unknown/1 (1641).jpg_0.jpg
unknown,WhoDat_Faces/unknown/1 (1296).jpg_0.jpg
unknown,WhoDat_Faces/unknown/1 (1054).jpg_0.jpg
unknown,WhoDat_Faces/unknown/1 (853).jpg_0.jpg
unknown,WhoDat_Faces/unknown/1 (1093).jpg_0.jpg
unknown,WhoDat_Faces/unknown/1 (1241).jpg_0.jpg
unknown,WhoDat_Faces/unknown/1 (1748).jpg_0.jpg
unknown,WhoDat_Faces/unknown/1 (1708).jpg_0.jpg
unknown,WhoDat_Faces/unknown/1 (1313).jpg_0.jpg
unknown,WhoDat_Faces/unknown/1 (1574).jpg_0.jpg
unknown,WhoDat_Faces/unknown/1 (949).jpg_0.jpg
unknown,WhoDat_Faces/unknown/1 (1262).jpg_0.jpg
unknown,WhoDat_Faces/unknown/1 (938).jpg_0.jpg
unknown,WhoDat_Faces/unknown/1 (1663).jpg_0.jpg
unknown,WhoDat_Faces/unknown/1 (1598).jpg_0.jpg
unknown,WhoDat_Faces/unknown/1 (843).jpg_0.jpg
unknown,WhoDat_Faces/unknown/1 (867).jpg_0.jpg
unknown,WhoDat_Faces/unknown/1 (1486).jpg_0.jpg
unknown,WhoDat_Faces/unknown/1 (982).jpg_0.jpg
unknown,WhoDat_Faces/unknown/1 (962).jpg_0.jpg
unknown,WhoDat_Faces/unknown/1 (878).jpg_0.jpg
unknown,WhoDat_Faces/unknown/1 (1535).jpg_0.jpg
unknown,WhoDat_Faces/unknown/1 (1502).jpg_0.jpg
unknown,WhoDat_Faces/unknown/1 (1038).jpg_0.jpg
unknown,WhoDat_Faces/unknown/1 (1604).jpg_0.jpg
unknown,WhoDat_Faces/unknown/1 (1417).jpg_0.jpg
unknown,WhoDat_Faces/unknown/1 (983).jpg_0.jpg
unknown,WhoDat_Faces/unknown/1 (1053).jpg_0.jpg
unknown,WhoDat_Faces/unknown/1 (1150).jpg_0.jpg
unknown,WhoDat_Faces/unknown/1 (1046).jpg_0.jpg
unknown,WhoDat_Faces/unknown/1 (1456).jpg_0.jpg
unknown,WhoDat_Faces/unknown/1 (893).jpg_0.jpg
unknown,WhoDat_Faces/unknown/1 (1658).jpg_0.jpg
unknown,WhoDat_Faces/unknown/1 (1440).jpg_0.jpg
unknown,WhoDat_Faces/unknown/1 (1442).jpg_0.jpg
unknown,WhoDat_Faces/unknown/1 (902).jpg_0.jpg
unknown,WhoDat_Faces/unknown/1 (1766).jpg_0.jpg
unknown,WhoDat_Faces/unknown/1 (1190).jpg_0.jpg
unknown,WhoDat_Faces/unknown/1 (1188).jpg_0.jpg
unknown,WhoDat_Faces/unknown/1 (1683).jpg_0.jpg
unknown,WhoDat_Faces/unknown/1 (1181).jpg_0.jpg
unknown,WhoDat_Faces/unknown/1 (1501).jpg_0.jpg
unknown,WhoDat_Faces/unknown/1 (1716).jpg_1.jpg
unknown,WhoDat_Faces/unknown/1 (994).jpg_0.jpg
unknown,WhoDat_Faces/unknown/1 (977).jpg_0.jpg
unknown,WhoDat_Faces/unknown/1 (1365).jpg_0.jpg
unknown,WhoDat_Faces/unknown/1 (990).jpg_0.jpg
unknown,WhoDat_Faces/unknown/1 (1706).jpg_0.jpg
unknown,WhoDat_Faces/unknown/1 (1597).jpg_0.jpg
unknown,WhoDat_Faces/unknown/1 (1576).jpg_0.jpg
unknown,WhoDat_Faces/unknown/1 (1375).jpg_0.jpg
unknown,WhoDat_Faces/unknown/1 (1043).jpg_0.jpg
unknown,WhoDat_Faces/unknown/1 (1235).jpg_0.jpg
unknown,WhoDat_Faces/unknown/1 (1207).jpg_0.jpg
unknown,WhoDat_Faces/unknown/1 (1382).jpg_0.jpg
unknown,WhoDat_Faces/unknown/1 (1310).jpg_0.jpg
unknown,WhoDat_Faces/unknown/1 (1141).jpg_0.jpg
unknown,WhoDat_Faces/unknown/1 (792).jpg_0.jpg
unknown,WhoDat_Faces/unknown/1 (926).jpg_0.jpg
unknown,WhoDat_Faces/unknown/1 (1031).jpg_0.jpg
unknown,WhoDat_Faces/unknown/1 (1661).jpg_0.jpg
unknown,WhoDat_Faces/unknown/1 (1627).jpg_0.jpg
unknown,WhoDat_Faces/unknown/1 (1699).jpg_0.jpg
unknown,WhoDat_Faces/unknown/1 (1389).jpg_0.jpg
unknown,WhoDat_Faces/unknown/1 (1664).jpg_0.jpg
unknown,WhoDat_Faces/unknown/1 (1253).jpg_0.jpg
unknown,WhoDat_Faces/unknown/1 (1776).jpg_0.jpg
unknown,WhoDat_Faces/unknown/1 (1556).jpg_0.jpg
unknown,WhoDat_Faces/unknown/1 (996).jpg_0.jpg
unknown,WhoDat_Faces/unknown/1 (1305).jpg_0.jpg
unknown,WhoDat_Faces/unknown/1 (1577).jpg_0.jpg
unknown,WhoDat_Faces/unknown/1 (1306).jpg_0.jpg
unknown,WhoDat_Faces/unknown/1 (1087).jpg_0.jpg
unknown,WhoDat_Faces/unknown/1 (1180).jpg_0.jpg
unknown,WhoDat_Faces/unknown/1 (921).jpg_0.jpg
unknown,WhoDat_Faces/unknown/1 (1256).jpg_0.jpg
unknown,WhoDat_Faces/unknown/1 (1492).jpg_0.jpg
unknown,WhoDat_Faces/unknown/1 (1355).jpg_0.jpg
unknown,WhoDat_Faces/unknown/1 (1173).jpg_0.jpg
unknown,WhoDat_Faces/unknown/1 (1130).jpg_0.jpg
unknown,WhoDat_Faces/unknown/1 (1224).jpg_0.jpg
unknown,WhoDat_Faces/unknown/1 (1726).jpg_0.jpg
unknown,WhoDat_Faces/unknown/1 (1589).jpg_0.jpg
unknown,WhoDat_Faces/unknown/1 (780).jpg_0.jpg
unknown,WhoDat_Faces/unknown/1 (1114).jpg_0.jpg
unknown,WhoDat_Faces/unknown/1 (1071).jpg_0.jpg
unknown,WhoDat_Faces/unknown/1 (1571).jpg_0.jpg
unknown,WhoDat_Faces/unknown/1 (1540).jpg_0.jpg
unknown,WhoDat_Faces/unknown/1 (1580).jpg_0.jpg
unknown,WhoDat_Faces/unknown/1 (1633).jpg_0.jpg
unknown,WhoDat_Faces/unknown/1 (1238).jpg_0.jpg
unknown,WhoDat_Faces/unknown/1 (807).jpg_0.jpg
unknown,WhoDat_Faces/unknown/1 (1005).jpg_0.jpg
unknown,WhoDat_Faces/unknown/1 (790).jpg_0.jpg
unknown,WhoDat_Faces/unknown/1 (1623).jpg_0.jpg
unknown,WhoDat_Faces/unknown/1 (1615).jpg_0.jpg
unknown,WhoDat_Faces/unknown/1 (1543).jpg_0.jpg
unknown,WhoDat_Faces/unknown/1 (1422).jpg_0.jpg
unknown,WhoDat_Faces/unknown/1 (1361).jpg_0.jpg
unknown,WhoDat_Faces/unknown/1 (847).jpg_0.jpg
unknown,WhoDat_Faces/unknown/1 (874).jpg_0.jpg
unknown,WhoDat_Faces/unknown/1 (1423).jpg_0.jpg
unknown,WhoDat_Faces/unknown/1 (1140).jpg_0.jpg
unknown,WhoDat_Faces/unknown/1 (1311).jpg_0.jpg
unknown,WhoDat_Faces/unknown/1 (1297).jpg_0.jpg
unknown,WhoDat_Faces/unknown/1 (1035).jpg_0.jpg
unknown,WhoDat_Faces/unknown/1 (1254).jpg_0.jpg
unknown,WhoDat_Faces/unknown/1 (1585).jpg_0.jpg
unknown,WhoDat_Faces/unknown/1 (860).jpg_0.jpg
unknown,WhoDat_Faces/unknown/1 (1749).jpg_0.jpg
unknown,WhoDat_Faces/unknown/1 (1558).jpg_0.jpg
unknown,WhoDat_Faces/unknown/1 (1164).jpg_0.jpg
unknown,WhoDat_Faces/unknown/1 (1300).jpg_0.jpg
unknown,WhoDat_Faces/unknown/1 (1719).jpg_0.jpg
unknown,WhoDat_Faces/unknown/1 (1016).jpg_0.jpg
unknown,WhoDat_Faces/unknown/1 (1468).jpg_0.jpg
unknown,WhoDat_Faces/unknown/1 (989).jpg_0.jpg
unknown,WhoDat_Faces/unknown/1 (789).jpg_0.jpg
unknown,WhoDat_Faces/unknown/1 (1121).jpg_0.jpg
unknown,WhoDat_Faces/unknown/1 (1736).jpg_0.jpg
unknown,WhoDat_Faces/unknown/1 (1222).jpg_0.jpg
unknown,WhoDat_Faces/unknown/1 (1042).jpg_0.jpg
unknown,WhoDat_Faces/unknown/1 (968).jpg_0.jpg
unknown,WhoDat_Faces/unknown/1 (959).jpg_0.jpg
unknown,WhoDat_Faces/unknown/1 (800).jpg_0.jpg
unknown,WhoDat_Faces/unknown/1 (1779).jpg_0.jpg
unknown,WhoDat_Faces/unknown/1 (995).jpg_0.jpg
unknown,WhoDat_Faces/unknown/1 (1437).jpg_0.jpg
unknown,WhoDat_Faces/unknown/1 (1594).jpg_0.jpg
unknown,WhoDat_Faces/unknown/1 (1701).jpg_0.jpg
unknown,WhoDat_Faces/unknown/1 (881).jpg_0.jpg
unknown,WhoDat_Faces/unknown/1 (1155).jpg_0.jpg
unknown,WhoDat_Faces/unknown/1 (1269).jpg_0.jpg
unknown,WhoDat_Faces/unknown/1 (1579).jpg_0.jpg
unknown,WhoDat_Faces/unknown/1 (1555).jpg_0.jpg
unknown,WhoDat_Faces/unknown/1 (1721).jpg_0.jpg
unknown,WhoDat_Faces/unknown/1 (1531).jpg_0.jpg
unknown,WhoDat_Faces/unknown/1 (1293).jpg_0.jpg
unknown,WhoDat_Faces/unknown/1 (1478).jpg_0.jpg
unknown,WhoDat_Faces/unknown/1 (1761).jpg_0.jpg
unknown,WhoDat_Faces/unknown/1 (1030).jpg_0.jpg
unknown,WhoDat_Faces/unknown/1 (1602).jpg_0.jpg
unknown,WhoDat_Faces/unknown/1 (1070).jpg_0.jpg
unknown,WhoDat_Faces/unknown/1 (1635).jpg_0.jpg
unknown,WhoDat_Faces/unknown/1 (1408).jpg_0.jpg
unknown,WhoDat_Faces/unknown/1 (1388).jpg_0.jpg
unknown,WhoDat_Faces/unknown/1 (1674).jpg_0.jpg
unknown,WhoDat_Faces/unknown/1 (1147).jpg_0.jpg
unknown,WhoDat_Faces/unknown/1 (1255).jpg_0.jpg
unknown,WhoDat_Faces/unknown/1 (1756).jpg_0.jpg
unknown,WhoDat_Faces/unknown/1 (1096).jpg_0.jpg
unknown,WhoDat_Faces/unknown/1 (988).jpg_0.jpg
unknown,WhoDat_Faces/unknown/1 (1051).jpg_0.jpg
unknown,WhoDat_Faces/unknown/1 (791).jpg_0.jpg
unknown,WhoDat_Faces/unknown/1 (1647).jpg_0.jpg
unknown,WhoDat_Faces/unknown/1 (1063).jpg_0.jpg
unknown,WhoDat_Faces/unknown/1 (1274).jpg_0.jpg
unknown,WhoDat_Faces/unknown/1 (1583).jpg_1.jpg
unknown,WhoDat_Faces/unknown/1 (884).jpg_0.jpg
unknown,WhoDat_Faces/unknown/1 (1667).jpg_0.jpg
unknown,WhoDat_Faces/unknown/1 (916).jpg_0.jpg
unknown,WhoDat_Faces/unknown/1 (1381).jpg_0.jpg
unknown,WhoDat_Faces/unknown/1 (918).jpg_0.jpg
unknown,WhoDat_Faces/unknown/1 (1189).jpg_0.jpg
unknown,WhoDat_Faces/unknown/1 (1612).jpg_0.jpg
unknown,WhoDat_Faces/unknown/1 (845).jpg_0.jpg
unknown,WhoDat_Faces/unknown/1 (1396).jpg_0.jpg
unknown,WhoDat_Faces/unknown/1 (873).jpg_0.jpg
unknown,WhoDat_Faces/unknown/1 (1493).jpg_0.jpg
unknown,WhoDat_Faces/unknown/1 (1465).jpg_0.jpg
unknown,WhoDat_Faces/unknown/1 (941).jpg_0.jpg
unknown,WhoDat_Faces/unknown/1 (957).jpg_0.jpg
unknown,WhoDat_Faces/unknown/1 (1045).jpg_0.jpg
unknown,WhoDat_Faces/unknown/1 (953).jpg_0.jpg
unknown,WhoDat_Faces/unknown/1 (1346).jpg_0.jpg
unknown,WhoDat_Faces/unknown/1 (1079).jpg_0.jpg
unknown,WhoDat_Faces/unknown/1 (1755).jpg_0.jpg
unknown,WhoDat_Faces/unknown/1 (816).jpg_0.jpg
unknown,WhoDat_Faces/unknown/1 (1653).jpg_0.jpg
unknown,WhoDat_Faces/unknown/1 (895).jpg_0.jpg
unknown,WhoDat_Faces/unknown/1 (1425).jpg_0.jpg
unknown,WhoDat_Faces/unknown/1 (1156).jpg_1.jpg
unknown,WhoDat_Faces/unknown/1 (1260).jpg_0.jpg
unknown,WhoDat_Faces/unknown/1 (1573).jpg_0.jpg
unknown,WhoDat_Faces/unknown/1 (785).jpg_0.jpg
unknown,WhoDat_Faces/unknown/1 (1411).jpg_0.jpg
unknown,WhoDat_Faces/unknown/1 (1583).jpg_0.jpg
unknown,WhoDat_Faces/unknown/1 (1357).jpg_0.jpg
unknown,WhoDat_Faces/unknown/1 (1777).jpg_0.jpg
unknown,WhoDat_Faces/unknown/1 (1523).jpg_0.jpg
unknown,WhoDat_Faces/unknown/1 (1646).jpg_0.jpg
unknown,WhoDat_Faces/unknown/1 (976).jpg_0.jpg
unknown,WhoDat_Faces/unknown/1 (1550).jpg_0.jpg
unknown,WhoDat_Faces/unknown/1 (1157).jpg_0.jpg
unknown,WhoDat_Faces/unknown/1 (1518).jpg_0.jpg
unknown,WhoDat_Faces/unknown/1 (1740).jpg_0.jpg
unknown,WhoDat_Faces/unknown/1 (1003).jpg_0.jpg
unknown,WhoDat_Faces/unknown/1 (1264).jpg_0.jpg
unknown,WhoDat_Faces/unknown/1 (1156).jpg_0.jpg
unknown,WhoDat_Faces/unknown/1 (1102).jpg_0.jpg
unknown,WhoDat_Faces/unknown/1 (880).jpg_0.jpg
unknown,WhoDat_Faces/unknown/1 (1083).jpg_0.jpg
unknown,WhoDat_Faces/unknown/1 (1372).jpg_0.jpg
unknown,WhoDat_Faces/unknown/1 (1197).jpg_0.jpg
unknown,WhoDat_Faces/unknown/1 (1267).jpg_0.jpg
unknown,WhoDat_Faces/unknown/1 (1233).jpg_0.jpg
unknown,WhoDat_Faces/unknown/1 (1006).jpg_0.jpg
unknown,WhoDat_Faces/unknown/1 (1287).jpg_0.jpg
unknown,WhoDat_Faces/unknown/1 (900).jpg_0.jpg
unknown,WhoDat_Faces/unknown/1 (1068).jpg_0.jpg
unknown,WhoDat_Faces/unknown/1 (1085).jpg_0.jpg
unknown,WhoDat_Faces/unknown/1 (1713).jpg_0.jpg
unknown,WhoDat_Faces/unknown/1 (1695).jpg_0.jpg
unknown,WhoDat_Faces/unknown/1 (1487).jpg_0.jpg
unknown,WhoDat_Faces/unknown/1 (967).jpg_0.jpg
unknown,WhoDat_Faces/unknown/1 (1643).jpg_0.jpg
unknown,WhoDat_Faces/unknown/1 (907).jpg_0.jpg
unknown,WhoDat_Faces/unknown/1 (812).jpg_0.jpg
unknown,WhoDat_Faces/unknown/1 (1557).jpg_0.jpg
unknown,WhoDat_Faces/unknown/1 (1167).jpg_0.jpg
unknown,WhoDat_Faces/unknown/1 (1012).jpg_0.jpg
unknown,WhoDat_Faces/unknown/1 (931).jpg_0.jpg
unknown,WhoDat_Faces/unknown/1 (857).jpg_0.jpg
unknown,WhoDat_Faces/unknown/1 (1780).jpg_0.jpg
unknown,WhoDat_Faces/unknown/1 (1271).jpg_0.jpg
unknown,WhoDat_Faces/unknown/1 (1281).jpg_0.jpg
unknown,WhoDat_Faces/unknown/1 (1273).jpg_0.jpg
unknown,WhoDat_Faces/unknown/1 (806).jpg_0.jpg
unknown,WhoDat_Faces/unknown/1 (1316).jpg_0.jpg
unknown,WhoDat_Faces/unknown/1 (1458).jpg_0.jpg
unknown,WhoDat_Faces/unknown/1 (991).jpg_0.jpg
unknown,WhoDat_Faces/unknown/1 (929).jpg_0.jpg
unknown,WhoDat_Faces/unknown/1 (1290).jpg_0.jpg
unknown,WhoDat_Faces/unknown/1 (1410).jpg_0.jpg
unknown,WhoDat_Faces/unknown/1 (1605).jpg_0.jpg
unknown,WhoDat_Faces/unknown/1 (1390).jpg_0.jpg
unknown,WhoDat_Faces/unknown/1 (1007).jpg_0.jpg
unknown,WhoDat_Faces/unknown/1 (966).jpg_0.jpg
unknown,WhoDat_Faces/unknown/1 (828).jpg_0.jpg
unknown,WhoDat_Faces/unknown/1 (1638).jpg_0.jpg
unknown,WhoDat_Faces/unknown/1 (1280).jpg_0.jpg
unknown,WhoDat_Faces/unknown/1 (1636).jpg_0.jpg
unknown,WhoDat_Faces/unknown/1 (1004).jpg_0.jpg
unknown,WhoDat_Faces/unknown/1 (1149).jpg_0.jpg
unknown,WhoDat_Faces/unknown/1 (1697).jpg_0.jpg
unknown,WhoDat_Faces/unknown/1 (954).jpg_0.jpg
unknown,WhoDat_Faces/unknown/1 (1728).jpg_0.jpg
unknown,WhoDat_Faces/unknown/1 (1027).jpg_0.jpg
unknown,WhoDat_Faces/unknown/1 (1017).jpg_0.jpg
unknown,WhoDat_Faces/unknown/1 (820).jpg_0.jpg
unknown,WhoDat_Faces/unknown/1 (1459).jpg_0.jpg
unknown,WhoDat_Faces/unknown/1 (1570).jpg_0.jpg
unknown,WhoDat_Faces/unknown/1 (1720).jpg_0.jpg
unknown,WhoDat_Faces/unknown/1 (1723).jpg_0.jpg
unknown,WhoDat_Faces/unknown/1 (1275).jpg_0.jpg
unknown,WhoDat_Faces/unknown/1 (1399).jpg_0.jpg
unknown,WhoDat_Faces/unknown/1 (961).jpg_0.jpg
unknown,WhoDat_Faces/unknown/1 (1142).jpg_0.jpg
unknown,WhoDat_Faces/unknown/1 (1536).jpg_0.jpg
unknown,WhoDat_Faces/unknown/1 (1248).jpg_0.jpg
unknown,WhoDat_Faces/unknown/1 (1244).jpg_0.jpg
unknown,WhoDat_Faces/unknown/1 (1318).jpg_0.jpg
unknown,WhoDat_Faces/unknown/1 (1764).jpg_0.jpg
unknown,WhoDat_Faces/unknown/1 (1516).jpg_0.jpg
unknown,WhoDat_Faces/unknown/1 (1599).jpg_0.jpg
unknown,WhoDat_Faces/unknown/1 (1595).jpg_0.jpg
unknown,WhoDat_Faces/unknown/1 (1034).jpg_0.jpg
unknown,WhoDat_Faces/unknown/1 (1135).jpg_0.jpg
unknown,WhoDat_Faces/unknown/1 (1520).jpg_0.jpg
unknown,WhoDat_Faces/unknown/1 (1513).jpg_0.jpg
unknown,WhoDat_Faces/unknown/1 (1402).jpg_0.jpg
unknown,WhoDat_Faces/unknown/1 (1383).jpg_0.jpg
alimohammad,WhoDat_Faces/alimohammad/Screenshot from 2023-04-09 15-48-04.png_0.jpg
alimohammad,WhoDat_Faces/alimohammad/IMG20230225154129.jpg_1.jpg
alimohammad,WhoDat_Faces/alimohammad/FB_IMG_1612499964590.jpg_0.jpg
alimohammad,WhoDat_Faces/alimohammad/IMG20230225154125.jpg_0.jpg
alimohammad,WhoDat_Faces/alimohammad/IMG20230225102020 - 1LSTm6r_zE2CLqBrzR2pVLyeePqt7f4cI.jpg_0.jpg
alimohammad,WhoDat_Faces/alimohammad/IMG20230225102024.jpg_0.jpg
alimohammad,WhoDat_Faces/alimohammad/IMG20230225102637.jpg_0.jpg
alimohammad,WhoDat_Faces/alimohammad/IMG20230225102025.jpg_0.jpg
alimohammad,WhoDat_Faces/alimohammad/Screenshot from 2023-04-09 15-49-04.png_0.jpg
alimohammad,WhoDat_Faces/alimohammad/Screenshot from 2023-04-09 15-34-09.png_0.jpg
alimohammad,WhoDat_Faces/alimohammad/Screenshot from 2023-04-09 15-59-31.png_0.jpg
alimohammad,WhoDat_Faces/alimohammad/Screenshot from 2023-04-09 15-48-23.png_0.jpg
alimohammad,WhoDat_Faces/alimohammad/IMG20230225102018.jpg_0.jpg
alimohammad,WhoDat_Faces/alimohammad/Screenshot from 2023-04-09 15-37-09.png_0.jpg
alimohammad,WhoDat_Faces/alimohammad/IMG20230225102020.jpg_0.jpg
alimohammad,WhoDat_Faces/alimohammad/IMG20230225154410.jpg_0.jpg
alimohammad,WhoDat_Faces/alimohammad/Screenshot from 2023-04-09 15-48-39.png_0.jpg
alimohammad,WhoDat_Faces/alimohammad/Screenshot from 2023-04-09 15-58-43.png_0.jpg
alimohammad,WhoDat_Faces/alimohammad/IMG20230225104853.jpg_0.jpg
alimohammad,WhoDat_Faces/alimohammad/IMG20230225154143.jpg_0.jpg
alimohammad,WhoDat_Faces/alimohammad/IMG20230225102018 - 1LR8NRi9_udaSotfxGRFumrOgiN0UqRF2.jpg_0.jpg
alimohammad,WhoDat_Faces/alimohammad/Screenshot from 2023-04-09 15-34-27.png_0.jpg
alimohammad,WhoDat_Faces/alimohammad/Screenshot from 2023-04-09 15-45-52.png_0.jpg
alimohammad,WhoDat_Faces/alimohammad/Screenshot from 2023-04-09 15-33-26.png_0.jpg
alimohammad,WhoDat_Faces/alimohammad/Screenshot from 2023-04-09 15-32-35.png_0.jpg
alimohammad,WhoDat_Faces/alimohammad/Screenshot from 2023-04-09 15-48-54.png_0.jpg
alimohammad,WhoDat_Faces/alimohammad/IMG20230225104851.jpg_0.jpg
alimohammad,WhoDat_Faces/alimohammad/IMG20230225102024 - 1LQbB2oqqM03g-EUsLJLbhIXGk33a7FjR.jpg_0.jpg
alimohammad,WhoDat_Faces/alimohammad/Screenshot from 2023-04-09 15-32-07.png_0.jpg
alimohammad,WhoDat_Faces/alimohammad/Screenshot from 2023-04-09 15-59-19.png_0.jpg
alimohammad,WhoDat_Faces/alimohammad/IMG20230225154407.jpg_0.jpg
asna,WhoDat_Faces/asna/Screenshot from 2023-04-09 15-34-52.png_0.jpg
asna,WhoDat_Faces/asna/IMG20230322163843.jpg_0.jpg
asna,WhoDat_Faces/asna/Screenshot from 2023-04-09 15-39-20.png_0.jpg
asna,WhoDat_Faces/asna/Screenshot from 2023-04-09 15-37-21.png_0.jpg
asna,WhoDat_Faces/asna/IMG20230226195355.jpg_0.jpg
asna,WhoDat_Faces/asna/IMG20230322163853.jpg_0.jpg
asna,WhoDat_Faces/asna/IMG20230311190133.jpg_0.jpg
asna,WhoDat_Faces/asna/AVI07400.jpg_0.jpg
asna,WhoDat_Faces/asna/Screenshot from 2023-04-09 15-38-50.png_0.jpg
asna,WhoDat_Faces/asna/Screenshot from 2023-04-09 15-51-42.png_0.jpg
asna,WhoDat_Faces/asna/Screenshot from 2023-04-09 15-57-09.png_0.jpg
asna,WhoDat_Faces/asna/Screenshot from 2023-04-09 15-59-07.png_0.jpg
asna,WhoDat_Faces/asna/Screenshot from 2023-04-09 15-58-52.png_0.jpg
asna,WhoDat_Faces/asna/Screenshot from 2023-04-09 15-38-09.png_0.jpg
asna,WhoDat_Faces/asna/Screenshot from 2023-04-09 15-57-17.png_0.jpg
asna,WhoDat_Faces/asna/Screenshot from 2023-04-09 15-59-35.png_0.jpg
asna,WhoDat_Faces/asna/Screenshot from 2023-04-09 15-37-37.png_0.jpg
asna,WhoDat_Faces/asna/Screenshot from 2023-04-09 15-55-01.png_0.jpg
asna,WhoDat_Faces/asna/Screenshot from 2023-04-09 15-39-39.png_0.jpg
asna,WhoDat_Faces/asna/Screenshot from 2023-04-09 15-58-00.png_0.jpg
asna,WhoDat_Faces/asna/Screenshot from 2023-04-09 15-53-33.png_0.jpg
asna,WhoDat_Faces/asna/Screenshot from 2023-04-09 15-52-01.png_0.jpg
asna,WhoDat_Faces/asna/Screenshot from 2023-04-09 15-37-03.png_0.jpg
asna,WhoDat_Faces/asna/Screenshot from 2023-04-09 15-52-34.png_0.jpg
asna,WhoDat_Faces/asna/Screenshot from 2023-04-09 15-57-03.png_0.jpg
asna,WhoDat_Faces/asna/IMG20230311190129.jpg_0.jpg
asna,WhoDat_Faces/asna/IMG20230311183116.jpg_0.jpg
asna,WhoDat_Faces/asna/IMG20230322163815.jpg_0.jpg
asna,WhoDat_Faces/asna/IMG20230322163813.jpg_0.jpg
asna,WhoDat_Faces/asna/Screenshot from 2023-04-09 15-51-05.png_0.jpg
asna,WhoDat_Faces/asna/Screenshot from 2023-04-09 15-52-54.png_0.jpg
asna,WhoDat_Faces/asna/IMG20230226195413.jpg_0.jpg
asna,WhoDat_Faces/asna/IMG20230322144651.jpg_0.jpg
asna,WhoDat_Faces/asna/Screenshot from 2023-04-09 15-51-53.png_0.jpg
asna,WhoDat_Faces/asna/Screenshot from 2023-04-09 15-54-07.png_0.jpg
asna,WhoDat_Faces/asna/IMG20221231070627.jpg_0.jpg
asna,WhoDat_Faces/asna/Screenshot from 2023-04-09 15-36-36.png_0.jpg
asna,WhoDat_Faces/asna/Screenshot from 2023-04-09 15-57-28.png_0.jpg
asna,WhoDat_Faces/asna/Screenshot from 2023-04-09 15-53-13.png_0.jpg
ovais,WhoDat_Faces/ovais/Screenshot from 2023-04-09 15-57-50.png_0.jpg
ovais,WhoDat_Faces/ovais/Screenshot from 2023-04-09 15-52-45.png_0.jpg
ovais,WhoDat_Faces/ovais/Screenshot from 2023-04-09 15-52-12.png_0.jpg
ovais,WhoDat_Faces/ovais/Screenshot from 2023-04-09 15-56-36.png_0.jpg
ovais,WhoDat_Faces/ovais/Screenshot from 2023-04-09 15-54-57.png_0.jpg
ovais,WhoDat_Faces/ovais/Screenshot from 2023-04-09 15-53-03.png_0.jpg
ovais,WhoDat_Faces/ovais/Screenshot from 2023-04-09 15-55-58.png_0.jpg
ovais,WhoDat_Faces/ovais/Screenshot from 2023-04-09 15-53-37.png_0.jpg
adnan,WhoDat_Faces/adnan/VID20221016154052.mp4_17.jpg
adnan,WhoDat_Faces/adnan/VID20221016154052.mp4_13.jpg
adnan,WhoDat_Faces/adnan/VID20221016154052.mp4_33.jpg
adnan,WhoDat_Faces/adnan/IMG20220625133417.jpg_0.jpg
adnan,WhoDat_Faces/adnan/VID20221016154052.mp4_9.jpg
adnan,WhoDat_Faces/adnan/VID20221016154052.mp4_32.jpg
adnan,WhoDat_Faces/adnan/IMG20220625141250.jpg_0.jpg
adnan,WhoDat_Faces/adnan/VID20221016154052.mp4_2.jpg
adnan,WhoDat_Faces/adnan/VID20221016154052.mp4_28.jpg
adnan,WhoDat_Faces/adnan/VID20221016154052.mp4_29.jpg
adnan,WhoDat_Faces/adnan/VID20221016154052.mp4_24.jpg
adnan,WhoDat_Faces/adnan/VID20221016154052.mp4_12.jpg
adnan,WhoDat_Faces/adnan/VID20221016154052.mp4_19.jpg
adnan,WhoDat_Faces/adnan/VID20221016154052.mp4_4.jpg
adnan,WhoDat_Faces/adnan/VID20221016154052.mp4_30.jpg
adnan,WhoDat_Faces/adnan/VID20221016154052.mp4_36.jpg
adnan,WhoDat_Faces/adnan/VID20221016154052.mp4_21.jpg
adnan,WhoDat_Faces/adnan/VID20221016154052.mp4_23.jpg
adnan,WhoDat_Faces/adnan/VID20221016154052.mp4_15.jpg
adnan,WhoDat_Faces/adnan/VID20221016154052.mp4_11.jpg
adnan,WhoDat_Faces/adnan/VID20221016154052.mp4_7.jpg
adnan,WhoDat_Faces/adnan/VID20221016154052.mp4_27.jpg
adnan,WhoDat_Faces/adnan/VID20221016154052.mp4_34.jpg
adnan,WhoDat_Faces/adnan/VID20221016154052.mp4_31.jpg
adnan,WhoDat_Faces/adnan/VID20221016154052.mp4_26.jpg
adnan,WhoDat_Faces/adnan/VID20221016154052.mp4_5.jpg
adnan,WhoDat_Faces/adnan/VID20221016154052.mp4_18.jpg
adnan,WhoDat_Faces/adnan/VID20221016154052.mp4_6.jpg
adnan,WhoDat_Faces/adnan/VID20221016154052.mp4_16.jpg
adnan,WhoDat_Faces/adnan/VID20221016154052.mp4_0.jpg
adnan,WhoDat_Faces/adnan/VID20221016154052.mp4_3.jpg
adnan,WhoDat_Faces/adnan/VID20221016154052.mp4_14.jpg
adnan,WhoDat_Faces/adnan/VID20221016154052.mp4_1.jpg
adnan,WhoDat_Faces/adnan/VID20221016154052.mp4_25.jpg
adnan,WhoDat_Faces/adnan/VID20221016154052.mp4_35.jpg
adnan,WhoDat_Faces/adnan/VID20221016154052.mp4_10.jpg
adnan,WhoDat_Faces/adnan/IMG20220625141259.jpg_0.jpg
adnan,WhoDat_Faces/adnan/IMG20220625122622.jpg_0.jpg
adnan,WhoDat_Faces/adnan/VID20221016154052.mp4_20.jpg
adnan,WhoDat_Faces/adnan/VID20221016154052.mp4_8.jpg
adnan,WhoDat_Faces/adnan/VID20221016154052.mp4_22.jpg
